<?xml version="1.0" encoding="UTF-8"?>
<project-private xmlns="http://www.netbeans.org/ns/project-private/1">
    <editor-bookmarks xmlns="http://www.netbeans.org/ns/editor-bookmarks/2" lastBookmarkId="0"/>
    <open-files xmlns="http://www.netbeans.org/ns/projectui-open-files/2">
        <group>
            <file>file:/C:/Users/Asim%20Fayyaz/Documents/NetBeansProjects/SAWWAH/web/CitySelection.jsp</file>
            <file>file:/C:/Users/Asim%20Fayyaz/Documents/NetBeansProjects/SAWWAH/web/welcome.jsp</file>
            <file>file:/C:/Users/Asim%20Fayyaz/Documents/NetBeansProjects/SAWWAH/web/success.jsp</file>
            <file>file:/C:/Users/Asim%20Fayyaz/Documents/NetBeansProjects/SAWWAH/web/AvailablePackages.jsp</file>
            <file>file:/C:/Users/Asim%20Fayyaz/Documents/NetBeansProjects/SAWWAH/web/About.jsp</file>
            <file>file:/C:/Users/Asim%20Fayyaz/Documents/NetBeansProjects/SAWWAH/web/submitContact.jsp</file>
            <file>file:/C:/Users/Asim%20Fayyaz/Documents/NetBeansProjects/SAWWAH/web/EventDisplay.jsp</file>
            <file>file:/C:/Users/Asim%20Fayyaz/Documents/NetBeansProjects/SAWWAH/web/bookingForm.jsp</file>
            <file>file:/C:/Users/Asim%20Fayyaz/Documents/NetBeansProjects/SAWWAH/web/Login.jsp</file>
            <file>file:/C:/Users/Asim%20Fayyaz/Documents/NetBeansProjects/SAWWAH/src/java/Servlets/ConfirmPaymentServlet.java</file>
            <file>file:/C:/Users/Asim%20Fayyaz/Documents/NetBeansProjects/SAWWAH/web/WEB-INF/web.xml</file>
            <file>file:/C:/Users/Asim%20Fayyaz/Documents/NetBeansProjects/SAWWAH/web/paymentError.jsp</file>
            <file>file:/C:/Users/Asim%20Fayyaz/Documents/NetBeansProjects/SAWWAH/src/java/Servlets/SignupServlet.java</file>
            <file>file:/C:/Users/Asim%20Fayyaz/Documents/NetBeansProjects/SAWWAH/web/PaymentPage.jsp</file>
            <file>file:/C:/Users/Asim%20Fayyaz/Documents/NetBeansProjects/SAWWAH/web/PaymentSuccess.jsp</file>
            <file>file:/C:/Users/Asim%20Fayyaz/Documents/NetBeansProjects/SAWWAH/src/java/Servlets/LoginServlet.java</file>
            <file>file:/C:/Users/Asim%20Fayyaz/Documents/NetBeansProjects/SAWWAH/src/java/Servlets/AvailablePackagesServlet.java</file>
            <file>file:/C:/Users/Asim%20Fayyaz/Documents/NetBeansProjects/SAWWAH/web/paymentFailed.jsp</file>
            <file>file:/C:/Users/Asim%20Fayyaz/Documents/NetBeansProjects/SAWWAH/web/contact.jsp</file>
            <file>file:/C:/Users/Asim%20Fayyaz/Documents/NetBeansProjects/SAWWAH/web/background.jpeg</file>
            <file>file:/C:/Users/Asim%20Fayyaz/Documents/NetBeansProjects/SAWWAH/src/java/Servlets/CityServlet.java</file>
            <file>file:/C:/Users/Asim%20Fayyaz/Documents/NetBeansProjects/SAWWAH/web/SignUp.jsp</file>
            <file>file:/C:/Users/Asim%20Fayyaz/Documents/NetBeansProjects/SAWWAH/web/error.jsp</file>
            <file>file:/C:/Users/Asim%20Fayyaz/Documents/NetBeansProjects/SAWWAH/web/index.html</file>
            <file>file:/C:/Users/Asim%20Fayyaz/Documents/NetBeansProjects/SAWWAH/src/java/Servlets/BookingFormServlet.java</file>
        </group>
    </open-files>
</project-private>
